{
  "project_info": {
    "project_number": "641069735875",
    "project_id": "hashchat-deba1",
    "storage_bucket": "hashchat-deba1.appspot.com"
  },
  "client": [
    {
      "client_info": {
        "mobilesdk_app_id": "1:641069735875:android:e79afa6fc169998c002776",
        "android_client_info": {
          "package_name": "com.example.hashchat"
        }
      },
      "oauth_client": [
        {
          "client_id": "641069735875-2r865fobnfeqnre7d79lgf6a9ibditkn.apps.googleusercontent.com",
          "client_type": 3
        }
      ],
      "api_key": [
        {
          "current_key": "AIzaSyAjSQNAcYscXKWJMvyudmp01Syl_rxpMLw"
        }
      ],
      "services": {
        "appinvite_service": {
          "other_platform_oauth_client": [
            {
              "client_id": "641069735875-2r865fobnfeqnre7d79lgf6a9ibditkn.apps.googleusercontent.com",
              "client_type": 3
            }
          ]
        }
      }
    }
  ],
  "configuration_version": "1"
}